0,-0.020
1,-0.015
2,-0.015
3,-0.015
4,-0.015
5,-0.015
6,-0.020
7,-0.020
8,-0.020
9,-0.020
10,-0.015
11,-0.010
12,0.000
13,-0.010
14,-0.010
15,-0.015
16,-0.010
17,-0.010
18,0.010
19,0.015
20,0.010
21,-0.015
22,-0.030
23,-0.030
24,-0.015
25,-0.010
26,0.000
27,0.000
28,0.000
29,-0.010
30,-0.020
31,-0.030
32,-0.035
33,-0.030
34,-0.020
35,-0.015
36,-0.020
37,-0.030
38,-0.020
39,-0.015
40,-0.020
41,-0.035
42,-0.030
43,-0.010
44,0.000
45,-0.015
46,-0.035
47,-0.030
48,-0.015
49,-0.015
50,-0.035
51,-0.050
52,-0.040
53,-0.030
54,-0.020
55,-0.010
56,0.015
57,0.020
58,-0.010
59,-0.035
60,-0.050
61,-0.035
62,-0.020
63,-0.010
64,-0.015
65,-0.030
66,-0.035
67,-0.020
68,-0.015
69,-0.015
70,-0.020
71,-0.030
72,-0.030
73,-0.030
74,-0.030
75,-0.030
76,-0.030
77,-0.020
78,-0.015
79,-0.015
80,-0.015
81,-0.020
82,-0.020
83,-0.020
84,-0.020
85,-0.020
86,-0.020
87,-0.030
88,-0.035
89,-0.035
90,-0.030
91,-0.020
92,-0.020
93,-0.030
94,-0.035
95,-0.030
96,-0.020
97,-0.020
98,-0.030
99,-0.030
100,-0.020
101,-0.030
102,-0.020
103,-0.015
104,0.000
105,0.000
106,0.000
107,0.000
108,0.010
109,0.015
110,0.015
111,0.015
112,0.020
113,0.035
114,0.040
115,0.040
116,0.050
117,0.055
118,0.060
119,0.070
120,0.090
121,0.100
122,0.100
123,0.095
124,0.095
125,0.100
126,0.100
127,0.095
128,0.090
129,0.080
130,0.095
131,0.115
132,0.135
133,0.150
134,0.155
135,0.170
136,0.175
137,0.180
138,0.175
139,0.170
140,0.160
141,0.150
142,0.140
143,0.140
144,0.140
145,0.115
146,0.080
147,0.070
148,0.070
149,0.060
150,0.050
151,0.040
152,0.035
153,0.015
154,-0.010
155,-0.020
156,-0.020
157,-0.030
158,-0.030
159,-0.035
160,-0.035
161,-0.040
162,-0.035
163,-0.030
164,-0.020
165,-0.035
166,-0.055
167,-0.070
168,-0.070
169,-0.060
170,-0.060
171,-0.070
172,-0.070
173,-0.070
174,-0.055
175,-0.050
176,-0.050
177,-0.060
178,-0.070
179,-0.070
180,-0.060
181,-0.060
182,-0.060
183,-0.060
184,-0.060
185,-0.060
186,-0.055
187,-0.055
188,-0.070
189,-0.080
190,-0.080
191,-0.055
192,-0.010
193,0.050
194,0.110
195,0.160
196,0.235
197,0.330
198,0.435
199,0.555
200,0.690
201,0.840
202,0.980
203,1.095
204,1.160
205,1.175
206,1.155
207,1.135
208,1.115
209,1.060
210,0.950
211,0.810
212,0.690
213,0.600
214,0.530
215,0.435
216,0.350
217,0.275
218,0.215
219,0.160
220,0.120
221,0.075
222,0.010
223,-0.050
224,-0.075
225,-0.075
226,-0.080
227,-0.075
228,-0.075
229,-0.080
230,-0.090
231,-0.090
232,-0.080
233,-0.090
234,-0.100
235,-0.120
236,-0.120
237,-0.100
238,-0.090
239,-0.095
240,-0.120
241,-0.130
242,-0.130
243,-0.120
244,-0.120
245,-0.130
246,-0.135
247,-0.140
248,-0.135
249,-0.130
250,-0.115
251,-0.115
252,-0.115
253,-0.115
254,-0.110
255,-0.100
256,-0.095
257,-0.090
258,-0.095
259,-0.115
260,-0.130
261,-0.120
262,-0.115
263,-0.115
264,-0.115
265,-0.110
266,-0.100
267,-0.095
268,-0.090
269,-0.090
270,-0.095
271,-0.100
272,-0.110
273,-0.115
274,-0.115
275,-0.110
276,-0.100
277,-0.095
278,-0.090
279,-0.090
280,-0.090
281,-0.080
282,-0.075
283,-0.075
284,-0.090
285,-0.095
286,-0.090
287,-0.080
288,-0.080
289,-0.090
290,-0.090
291,-0.080
292,-0.075
293,-0.070
294,-0.075
295,-0.090
296,-0.095
297,-0.090
298,-0.075
299,-0.060
300,-0.055
301,-0.070
302,-0.095
303,-0.100
304,-0.095
305,-0.090
306,-0.090
307,-0.090
308,-0.080
309,-0.090
310,-0.095
311,-0.090
312,-0.090
313,-0.095
314,-0.100
315,-0.095
316,-0.090
317,-0.095
318,-0.110
319,-0.110
320,-0.110
321,-0.100
322,-0.100
323,-0.110
324,-0.110
325,-0.095
326,-0.090
327,-0.090
328,-0.090
329,-0.075
330,-0.070
331,-0.075
332,-0.080
333,-0.075
334,-0.075
335,-0.075
336,-0.080
337,-0.090
338,-0.090
339,-0.075
340,-0.060
341,-0.055
342,-0.060
343,-0.070
344,-0.075
345,-0.080
346,-0.075
347,-0.070
348,-0.060
349,-0.060
350,-0.060
351,-0.070
352,-0.070
353,-0.055
354,-0.040
355,-0.035
356,-0.035
357,-0.030
358,-0.030
359,-0.035
360,-0.035
361,0.000
362,0.020
363,0.010
364,-0.035
365,-0.040
366,-0.015
367,0.010
368,0.000
369,0.000
370,0.010
371,0.015
372,0.010
373,0.000
374,0.010
375,0.015
376,0.020
377,0.015
378,0.010
379,0.010
380,0.015
381,0.020
382,0.010
383,-0.010
384,-0.020
385,-0.010
386,0.010
387,0.015
388,0.000
389,-0.015
390,-0.015
391,-0.010
392,0.010
393,0.015
394,0.010
395,-0.015
396,-0.035
397,-0.040
398,-0.035
399,-0.020
400,-0.010
401,-0.015
402,-0.030
403,-0.035
404,-0.030
405,-0.020
406,-0.020
407,-0.020
408,-0.015
409,-0.020
410,-0.020
411,-0.030
412,-0.010
413,0.010
414,0.015
415,0.000
416,-0.015
417,-0.020
418,-0.020
419,0.000
420,0.020
421,0.035
422,0.030
423,0.010
424,-0.015
425,-0.035
426,-0.040
427,-0.035
428,-0.030
429,-0.020
430,-0.020
431,-0.020
432,-0.020
433,-0.020
434,-0.020
435,-0.020
436,-0.020
437,-0.020
438,-0.020
439,-0.020
440,-0.030
441,-0.035
442,-0.035
443,-0.040
444,-0.050
445,-0.055
446,-0.040
447,-0.030
448,-0.020
449,-0.020
450,-0.020
451,-0.020
452,-0.030
453,-0.040
454,-0.055
455,-0.060
456,-0.060
457,-0.060
458,-0.055
459,-0.050
460,-0.040
461,-0.040
462,-0.040
463,-0.050
464,-0.050
465,-0.050
466,-0.050
467,-0.055
468,-0.060
469,-0.055
470,-0.040
471,-0.030
472,-0.020
473,-0.020
474,-0.020
475,-0.010
476,0.010
477,0.020
478,0.020
479,0.020
480,0.030
481,0.030
482,0.030
483,0.030
484,0.020
485,0.010
486,0.000
487,0.010
488,0.015
489,0.020
490,0.035
491,0.055
492,0.055
493,0.050
494,0.020
495,0.020
496,0.020
497,0.020
498,0.040
499,-0.010
500,-0.050
501,-0.010
502,-0.010
503,-0.030
504,-0.035
505,-0.030
506,-0.035
507,-0.015
508,-0.020
509,0.000
510,0.025
511,0.005
512,-0.075
513,-0.075
514,-0.095
515,-0.090
516,-0.045
517,-0.025
518,-0.045
519,-0.065
520,-0.020
521,0.005
522,-0.010
523,-0.025
524,-0.020
525,-0.020
526,0.020
527,0.025
528,0.010
529,0.030
530,0.055
531,0.055
532,0.060
533,0.065
534,0.045
535,0.030
536,0.055
537,0.060
538,0.060
539,0.050
540,0.075
541,0.120
542,0.100
543,0.065
544,0.070
545,0.080
546,0.080
547,0.105
548,0.120
549,0.130
550,0.120
551,0.150
552,0.155
553,0.155
554,0.150
555,0.135
556,0.145
557,0.135
558,0.110
559,0.100
560,0.100
561,0.095
562,0.070
563,0.085
564,0.055
565,0.065
566,0.070
567,0.015
568,-0.035
569,-0.040
570,-0.040
571,-0.045
572,-0.045
573,-0.055
574,-0.060
575,-0.065
576,-0.050
577,-0.055
578,-0.075
579,-0.080
580,-0.060
581,-0.065
582,-0.065
583,-0.095
584,-0.100
585,-0.105
586,-0.110
587,-0.090
588,-0.110
589,-0.130
590,-0.090
591,-0.070
592,-0.070
593,-0.065
594,-0.050
595,-0.050
596,-0.055
597,-0.050
598,-0.030
599,-0.020
600,0.005
601,-0.015
602,-0.040
603,-0.055
604,-0.045
605,-0.015
606,0.000
607,0.070
608,0.140
609,0.210
610,0.260
611,0.340
612,0.480
613,0.595
614,0.730
615,0.910
616,1.055
617,1.180
618,1.265
619,1.300
620,1.285
621,1.235
622,1.240
623,1.190
624,1.095
625,0.950
626,0.825
627,0.740
628,0.675
629,0.555
630,0.450
631,0.400
632,0.300
633,0.240
634,0.210
635,0.155
636,0.110
637,0.100
638,0.080
639,0.050
640,0.040
641,0.015
642,0.030
643,-0.015
644,-0.045
645,-0.050
646,-0.050
647,-0.050
648,-0.050
649,-0.050
650,-0.070
651,-0.050
652,-0.070
653,-0.055
654,-0.055
655,-0.075
656,-0.055
657,-0.030
658,-0.050
659,-0.030
660,-0.010
661,-0.030
662,-0.005
663,0.020
664,0.005
665,-0.035
666,-0.055
667,-0.035
668,-0.025
669,-0.045
670,-0.025
671,-0.020
672,0.000
673,0.020
674,-0.025
675,-0.005
676,0.015
677,0.000
678,0.045
679,0.045
680,0.005
681,0.000
682,0.040
683,0.065
684,0.070
685,0.090
686,0.050
687,0.025
688,0.020
689,0.000
690,0.000
691,0.005
692,0.005
693,-0.035
694,-0.055
695,-0.010
696,0.010
697,-0.050
698,-0.090
699,-0.115
700,-0.115
701,-0.135
702,-0.175
703,-0.155
704,-0.140
705,-0.195
706,-0.255
707,-0.260
708,-0.260
709,-0.265
710,-0.325
711,-0.365
712,-0.325
713,-0.365
714,-0.345
715,-0.350
716,-0.390
717,-0.390
718,-0.365
719,-0.385
720,-0.385
721,-0.395
722,-0.440
723,-0.425
724,-0.410
725,-0.410
726,-0.425
727,-0.440
728,-0.420
729,-0.430
730,-0.450
731,-0.415
732,-0.415
733,-0.440
734,-0.440
735,-0.460
736,-0.455
737,-0.415
738,-0.410
739,-0.435
740,-0.415
741,-0.390
742,-0.385
743,-0.365
744,-0.360
745,-0.315
746,-0.330
747,-0.325
748,-0.280
749,-0.260
750,-0.255
751,-0.250
752,-0.230
753,-0.225
754,-0.205
755,-0.225
756,-0.205
757,-0.185
758,-0.180
759,-0.175
760,-0.170
761,-0.165
762,-0.125
763,-0.125
764,-0.105
765,-0.100
766,-0.100
767,-0.080
768,-0.035
769,-0.045
770,-0.020
771,0.005
772,0.025
773,0.025
774,0.010
775,-0.005
776,-0.020
777,-0.020
778,0.000
779,-0.015
780,-0.035
781,-0.015
782,-0.040
783,-0.040
784,0.000
785,-0.040
786,-0.060
787,-0.060
788,-0.040
789,-0.040
790,-0.100
791,-0.125
792,-0.045
793,-0.070
794,-0.110
795,-0.085
796,-0.085
797,-0.105
798,-0.110
799,-0.115
800,-0.115
801,-0.115
802,-0.115
803,-0.115
804,-0.095
805,-0.095
806,-0.095
807,-0.060
808,-0.060
809,-0.020
810,0.025
811,0.030
812,0.050
813,0.075
814,0.095
815,0.150
816,0.150
817,0.170
818,0.175
819,0.200
820,0.200
821,0.200
822,0.200
823,0.180
824,0.155
825,0.135
826,0.135
827,0.140
828,0.130
829,0.110
830,0.080
831,0.070
832,0.050
833,0.020
834,-0.015
835,-0.040
836,-0.055
837,-0.060
838,-0.070
839,-0.090
840,-0.115
841,-0.135
842,-0.150
843,-0.160
844,-0.175
845,-0.175
846,-0.175
847,-0.175
848,-0.180
849,-0.180
850,-0.180
851,-0.190
852,-0.190
853,-0.190
854,-0.180
855,-0.170
856,-0.150
857,-0.130
858,-0.115
859,-0.100
860,-0.090
861,-0.070
862,-0.055
863,-0.040
864,-0.030
865,-0.020
866,-0.020
867,-0.035
868,-0.040
869,-0.035
870,-0.020
871,-0.010
872,0.000
873,-0.010
874,-0.015
875,-0.015
876,-0.015
877,-0.015
878,-0.020
879,-0.020
880,-0.020
881,-0.020
882,-0.030
883,-0.040
884,-0.050
885,-0.050
886,-0.040
887,-0.040
888,-0.040
889,-0.040
890,-0.050
891,-0.050
892,-0.035
893,-0.015
894,-0.010
895,-0.015
896,-0.015
897,-0.015
898,-0.010
899,0.010
900,0.030
901,0.035
902,0.030
903,0.035
904,0.035
905,0.030
906,0.010
907,0.000
908,0.010
909,0.020
910,0.020
911,0.020
912,0.020
913,0.020
914,0.020
915,0.050
916,0.030
917,0.010
918,0.010
919,0.010
920,0.025
921,0.010
922,0.005
923,0.005
924,-0.020
925,-0.020
926,-0.015
927,0.005
928,-0.035
929,-0.035
930,-0.035
931,-0.010
932,-0.005
933,0.015
934,-0.005
935,-0.045
936,-0.040
937,-0.035
938,-0.030
939,-0.005
940,0.020
941,-0.020
942,0.000
943,0.045
944,0.050
945,0.030
946,0.015
947,0.035
948,0.000
949,0.005
950,0.025
951,0.050
952,0.055
953,0.080
954,0.060
955,0.050
956,0.055
957,0.080
958,0.080
959,0.105
960,0.110
961,0.120
962,0.120
963,0.125
964,0.120
965,0.150
966,0.180
967,0.190
968,0.195
969,0.175
970,0.190
971,0.175
972,0.165
973,0.175
974,0.190
975,0.180
976,0.160
977,0.135
978,0.130
979,0.145
980,0.115
981,0.105
982,0.110
983,0.095
984,0.085
985,0.080
986,0.060
987,0.055
988,0.055
989,0.065
990,0.060
991,0.055
992,0.050
993,0.025
994,0.025
995,0.060
996,0.040
997,-0.005
998,-0.025
999,-0.015
1000,-0.020
1001,-0.025
1002,-0.050
1003,-0.030
1004,-0.050
1005,-0.050
1006,-0.030
1007,-0.010
1008,-0.010
1009,-0.025
1010,-0.030
1011,-0.030
1012,-0.035
1013,-0.030
1014,-0.030
1015,-0.020
1016,-0.015
1017,0.005
1018,0.020
1019,-0.035
1020,-0.045
1021,-0.015
1022,0.020
1023,0.090
1024,0.180
1025,0.230
1026,0.280
1027,0.380
1028,0.500
1029,0.595
1030,0.690
1031,0.870
1032,1.035
1033,1.140
1034,1.225
1035,1.220
1036,1.185
1037,1.175
1038,1.160
1039,1.090
1040,0.975
1041,0.810
1042,0.665
1043,0.620
1044,0.595
1045,0.475
1046,0.350
1047,0.300
1048,0.280
1049,0.220
1050,0.130
1051,0.075
1052,0.010
1053,-0.040
1054,-0.020
1055,-0.010
1056,-0.020
1057,-0.045
1058,-0.050
1059,-0.035
1060,-0.065
1061,-0.110
1062,-0.070
1063,-0.070
1064,-0.070
1065,-0.050
1066,-0.070
1067,-0.070
1068,-0.030
1069,-0.015
1070,-0.055
1071,-0.055
1072,-0.035
1073,-0.050
1074,-0.030
1075,-0.030
1076,-0.030
1077,-0.030
1078,-0.025
1079,0.000
1080,-0.015
1081,-0.035
1082,-0.035
1083,-0.015
1084,0.035
1085,0.015
1086,-0.065
1087,-0.040
1088,-0.020
1089,-0.020
1090,-0.005
1091,-0.025
1092,-0.045
1093,-0.040
1094,-0.035
1095,-0.035
1096,-0.075
1097,-0.060
1098,-0.060
1099,-0.055
1100,-0.030
1101,-0.030
1102,-0.070
1103,-0.095
1104,-0.060
1105,-0.060
1106,-0.060
1107,-0.055
1108,-0.095
1109,-0.095
1110,-0.075
1111,-0.050
1112,-0.050
1113,-0.070
1114,-0.050
1115,-0.035
1116,-0.055
1117,-0.035
1118,-0.015
1119,-0.035
1120,-0.040
1121,-0.015
1122,-0.015
1123,-0.020
1124,-0.020
1125,-0.025
1126,-0.025
1127,-0.025
1128,-0.005
1129,-0.005
1130,-0.005
1131,-0.010
1132,-0.010
1133,-0.010
1134,0.035
1135,0.015
1136,-0.025
1137,-0.035
1138,-0.040
1139,-0.045
1140,-0.050
1141,-0.030
1142,-0.025
1143,-0.020
1144,-0.040
1145,-0.030
1146,-0.050
1147,-0.055
1148,-0.055
1149,-0.060
1150,-0.060
1151,-0.060
1152,-0.075
1153,-0.075
1154,-0.090
1155,-0.095
1156,-0.075
1157,-0.070
1158,-0.085
1159,-0.085
1160,-0.080
1161,-0.075
1162,-0.070
1163,-0.065
1164,-0.060
1165,-0.040
1166,-0.055
1167,-0.030
1168,-0.010
1169,-0.045
1170,-0.025
1171,-0.005
1172,-0.005
1173,-0.005
1174,0.000
1175,0.005
1176,0.030
1177,0.035
1178,0.055
1179,0.055
1180,0.015
1181,0.020
1182,0.020
1183,0.040
1184,0.085
1185,0.095
1186,0.060
1187,0.065
1188,0.085
1189,0.045
1190,0.030
1191,0.055
1192,0.060
1193,0.040
1194,0.040
1195,0.065
1196,0.065
1197,0.045
1198,0.060
1199,0.020
1200,0.020
1201,0.060
1202,0.040
1203,0.040
1204,0.040
1205,0.020
1206,0.060
1207,0.055
1208,0.035
1209,0.030
1210,0.050
1211,0.035
1212,0.075
1213,0.075
1214,0.050
1215,0.025
1216,-0.055
1217,-0.015
1218,0.025
1219,0.005
1220,0.025
1221,0.085
1222,0.085
1223,0.020
1224,0.000
1225,0.020
1226,0.005
1227,-0.010
1228,0.010
1229,0.035
1230,0.015
1231,0.010
1232,0.010
1233,0.010
1234,0.035
1235,0.020
1236,0.040
1237,0.020
1238,-0.010
1239,-0.010
1240,0.010
1241,0.030
1242,0.030
1243,0.015
1244,0.000
1245,0.010
1246,0.030
1247,0.035
1248,0.020
1249,0.010
1250,0.015
1251,0.030
1252,0.040
1253,0.040
1254,0.035
1255,0.035
1256,0.035
1257,0.040
1258,0.050
1259,0.060
1260,0.075
1261,0.075
1262,0.070
1263,0.060
1264,0.060
1265,0.060
1266,0.070
1267,0.075
1268,0.075
1269,0.070
1270,0.060
1271,0.055
1272,0.055
1273,0.055
1274,0.060
1275,0.060
1276,0.070
1277,0.075
1278,0.080
1279,0.075
1280,0.060
1281,0.050
1282,0.040
1283,0.040
1284,0.035
1285,0.030
1286,0.030
1287,0.035
1288,0.040
1289,0.040
1290,0.040
1291,0.040
1292,0.030
1293,0.010
1294,-0.015
1295,-0.015
1296,-0.010
1297,0.010
1298,0.015
1299,0.010
1300,-0.010
1301,-0.020
1302,-0.015
1303,0.000
1304,-0.015
1305,-0.035
1306,-0.060
1307,-0.070
1308,-0.060
1309,-0.050
1310,-0.050
1311,-0.070
1312,-0.095
1313,-0.100
1314,-0.100
1315,-0.110
1316,-0.115
1317,-0.115
1318,-0.110
1319,-0.100
1320,-0.100
1321,-0.100
1322,-0.100
1323,-0.090
1324,-0.080
1325,-0.080
1326,-0.080
1327,-0.080
1328,-0.100
1329,-0.130
1330,-0.110
1331,-0.110
1332,-0.090
1333,-0.130
1334,-0.135
1335,-0.130
1336,-0.135
1337,-0.115
1338,-0.120
1339,-0.120
1340,-0.135
1341,-0.155
1342,-0.155
1343,-0.175
1344,-0.155
1345,-0.130
1346,-0.165
1347,-0.145
1348,-0.125
1349,-0.185
1350,-0.220
1351,-0.195
1352,-0.190
1353,-0.165
1354,-0.160
1355,-0.160
1356,-0.200
1357,-0.215
1358,-0.230
1359,-0.210
1360,-0.205
1361,-0.245
1362,-0.240
1363,-0.235
1364,-0.255
1365,-0.250
1366,-0.265
1367,-0.240
1368,-0.240
1369,-0.270
1370,-0.245
1371,-0.220
1372,-0.220
1373,-0.235
1374,-0.210
1375,-0.200
1376,-0.160
1377,-0.175
1378,-0.180
1379,-0.170
1380,-0.140
1381,-0.150
1382,-0.105
1383,-0.065
1384,-0.070
1385,-0.085
1386,-0.075
1387,-0.065
1388,-0.090
1389,-0.080
1390,-0.040
1391,-0.025
1392,-0.010
1393,0.005
1394,-0.005
1395,0.025
1396,0.050
1397,0.035
1398,0.005
1399,-0.020
1400,0.000
1401,0.015
1402,-0.025
1403,-0.035
1404,-0.040
1405,-0.065
1406,-0.070
1407,-0.095
1408,-0.115
1409,-0.120
1410,-0.140
1411,-0.105
1412,-0.125
1413,-0.195
1414,-0.200
1415,-0.185
1416,-0.230
1417,-0.230
1418,-0.250
1419,-0.250
1420,-0.210
1421,-0.250
1422,-0.250
1423,-0.245
1424,-0.210
1425,-0.230
1426,-0.215
1427,-0.170
1428,-0.170
1429,-0.160
1430,-0.155
1431,-0.115
1432,-0.140
1433,-0.195
1434,-0.165
1435,-0.155
1436,-0.120
1437,-0.050
1438,0.060
1439,0.150
1440,0.220
1441,0.260
1442,0.380
1443,0.495
1444,0.610
1445,0.770
1446,0.895
1447,1.060
1448,1.205
1449,1.240
1450,1.185
1451,1.155
1452,1.140
1453,1.070
1454,0.935
1455,0.790
1456,0.625
1457,0.520
1458,0.455
1459,0.355
1460,0.250
1461,0.200
1462,0.140
1463,0.060
1464,0.030
1465,-0.005
1466,-0.070
1467,-0.120
1468,-0.120
1469,-0.130
1470,-0.140
1471,-0.125
1472,-0.130
1473,-0.155
1474,-0.145
1475,-0.150
1476,-0.130
1477,-0.150
1478,-0.130
1479,-0.130
1480,-0.110
1481,-0.070
1482,-0.110
1483,-0.115
1484,-0.095
1485,-0.095
1486,-0.075
1487,-0.010
1488,-0.010
1489,-0.070
1490,-0.050
1491,-0.030
1492,-0.025
1493,-0.020
1494,-0.015
1495,0.005
1496,-0.015
1497,-0.015
1498,-0.045
1499,-0.045
1500,-0.025
1501,-0.020
1502,-0.040
1503,-0.060
1504,-0.045
1505,-0.085
1506,-0.065
1507,-0.060
1508,-0.095
1509,-0.095
1510,-0.095
1511,-0.100
1512,-0.080
1513,-0.095
1514,-0.130
1515,-0.110
1516,-0.110
1517,-0.115
1518,-0.140
1519,-0.140
1520,-0.120
1521,-0.095
1522,-0.095
1523,-0.115
1524,-0.075
1525,-0.070
1526,-0.090
1527,-0.110
1528,-0.090
1529,-0.055
1530,-0.055
1531,-0.035
1532,-0.015
1533,-0.035
1534,-0.040
1535,-0.015
1536,-0.015
1537,-0.040
1538,-0.060
1539,-0.045
1540,-0.005
1541,-0.025
1542,-0.025
1543,-0.025
1544,-0.045
1545,-0.030
1546,-0.010
1547,-0.030
1548,-0.065
1549,-0.065
1550,-0.065
1551,-0.075
1552,-0.060
1553,-0.065
1554,-0.090
1555,-0.090
1556,-0.125
1557,-0.140
1558,-0.140
1559,-0.110
1560,-0.130
1561,-0.135
1562,-0.115
1563,-0.120
1564,-0.140
1565,-0.120
1566,-0.135
1567,-0.115
1568,-0.050
1569,-0.095
1570,-0.155
1571,-0.130
1572,-0.085
1573,-0.105
1574,-0.120
1575,-0.095
1576,-0.070
1577,-0.065
1578,-0.060
1579,-0.060
1580,-0.075
1581,-0.050
1582,-0.050
1583,-0.085
1584,-0.065
1585,-0.045
1586,-0.065
1587,-0.065
1588,-0.040
1589,-0.035
1590,-0.030
1591,-0.045
1592,-0.045
1593,-0.025
1594,-0.045
1595,-0.040
1596,-0.020
1597,-0.060
1598,-0.055
1599,-0.025
1600,-0.040
1601,-0.015
1602,-0.055
1603,-0.055
1604,-0.050
1605,-0.045
1606,-0.040
1607,-0.040
1608,-0.040
1609,-0.015
1610,-0.015
1611,0.045
1612,0.020
1613,-0.040
1614,-0.040
1615,0.000
1616,0.000
1617,-0.020
1618,-0.020
1619,-0.040
1620,-0.040
1621,-0.025
1622,-0.005
1623,-0.010
1624,-0.030
1625,-0.025
1626,0.015
1627,-0.005
1628,-0.030
1629,-0.015
1630,0.005
1631,-0.015
1632,-0.015
1633,0.005
1634,0.005
1635,-0.035
1636,-0.015
1637,-0.040
1638,-0.040
1639,-0.040
1640,-0.035
1641,-0.030
1642,-0.030
1643,-0.045
1644,-0.045
1645,-0.050
1646,-0.050
1647,-0.050
1648,-0.065
1649,-0.080
1650,-0.080
1651,-0.060
1652,-0.080
1653,-0.075
1654,-0.055
1655,-0.055
1656,-0.070
1657,-0.075
1658,-0.075
1659,-0.075
1660,-0.075
1661,-0.060
1662,-0.050
1663,-0.050
1664,-0.055
1665,-0.060
1666,-0.055
1667,-0.055
1668,-0.055
1669,-0.050
1670,-0.030
1671,-0.015
1672,-0.015
1673,-0.030
1674,-0.035
1675,-0.040
1676,-0.040
1677,-0.040
1678,-0.035
1679,-0.030
1680,-0.015
1681,-0.020
1682,-0.035
1683,-0.050
1684,-0.040
1685,-0.035
1686,-0.040
1687,-0.050
1688,-0.055
1689,-0.055
1690,-0.060
1691,-0.055
1692,-0.050
1693,-0.050
1694,-0.055
1695,-0.060
1696,-0.060
1697,-0.060
1698,-0.055
1699,-0.050
1700,-0.035
1701,-0.035
1702,-0.040
1703,-0.055
1704,-0.055
1705,-0.050
1706,-0.035
1707,-0.020
1708,-0.015
1709,-0.030
1710,-0.050
1711,-0.060
1712,-0.060
1713,-0.060
1714,-0.050
1715,-0.035
1716,-0.020
1717,-0.035
1718,-0.050
1719,-0.060
1720,-0.055
1721,-0.050
1722,-0.040
1723,-0.040
1724,-0.040
1725,-0.040
1726,-0.040
1727,-0.040
1728,-0.040
1729,-0.040
1730,-0.040
1731,-0.035
1732,-0.035
1733,-0.040
1734,-0.060
1735,-0.070
1736,-0.060
1737,-0.050
1738,-0.060
1739,-0.040
1740,0.000
1741,-0.020
1742,-0.060
1743,-0.050
1744,-0.050
1745,-0.050
1746,-0.030
1747,-0.050
1748,-0.055
1749,-0.050
1750,-0.015
1751,-0.015
1752,-0.020
1753,-0.040
1754,-0.055
1755,-0.055
1756,-0.055
1757,-0.015
1758,0.005
1759,-0.010
1760,-0.045
1761,-0.025
1762,-0.025
1763,-0.005
1764,0.000
1765,0.005
1766,0.010
1767,0.015
1768,0.060
1769,0.040
1770,0.000
1771,0.005
1772,0.030
1773,0.030
1774,0.015
1775,0.015
1776,0.040
1777,0.045
1778,0.065
1779,0.070
1780,0.055
1781,0.040
1782,0.060
1783,0.070
1784,0.075
1785,0.080
1786,0.100
1787,0.105
1788,0.090
1789,0.080
1790,0.100
1791,0.105
1792,0.140
1793,0.150
1794,0.160
1795,0.170
1796,0.175
1797,0.175
1798,0.170
1799,0.155
1800,0.125
1801,0.135
1802,0.110
1803,0.120
1804,0.120
1805,0.095
1806,0.070
1807,0.065
1808,0.075
1809,0.085
1810,0.010
1811,-0.025
1812,-0.015
1813,0.000
1814,-0.020
1815,-0.005
1816,-0.025
1817,-0.035
1818,-0.040
1819,-0.045
1820,-0.030
1821,-0.035
1822,-0.035
1823,-0.040
1824,-0.040
1825,-0.045
1826,-0.025
1827,-0.015
1828,-0.040
1829,-0.065
1830,-0.090
1831,-0.090
1832,-0.070
1833,-0.070
1834,-0.070
1835,-0.070
1836,-0.070
1837,-0.045
1838,-0.030
1839,-0.050
1840,-0.075
1841,-0.090
1842,-0.090
1843,-0.060
1844,-0.075
1845,-0.055
1846,-0.040
1847,-0.075
1848,-0.105
1849,-0.115
1850,-0.120
1851,-0.070
1852,0.040
1853,0.150
1854,0.200
1855,0.260
1856,0.340
1857,0.455
1858,0.570
1859,0.730
1860,0.895
1861,1.040
1862,1.165
1863,1.220
1864,1.205
1865,1.155
1866,1.120
1867,1.110
1868,1.055
1869,0.910
1870,0.745
1871,0.580
1872,0.515
1873,0.475
1874,0.390
1875,0.300
1876,0.240
1877,0.180
1878,0.150
1879,0.095
1880,0.050
1881,-0.020
1882,-0.020
1883,-0.050
1884,-0.060
1885,-0.085
1886,-0.090
1887,-0.055
1888,-0.025
1889,-0.070
1890,-0.110
1891,-0.070
1892,-0.090
1893,-0.130
1894,-0.090
1895,-0.030
1896,-0.050
1897,-0.135
1898,-0.135
1899,-0.135
1900,-0.155
1901,-0.150
1902,-0.130
1903,-0.130
1904,-0.130
1905,-0.150
1906,-0.125
1907,-0.080
1908,-0.095
1909,-0.095
1910,-0.055
1911,-0.075
1912,-0.105
1913,-0.145
1914,-0.145
1915,-0.120
1916,-0.120
1917,-0.100
1918,-0.105
1919,-0.125
1920,-0.105
1921,-0.100
1922,-0.115
1923,-0.095
1924,-0.075
1925,-0.080
1926,-0.100
1927,-0.095
1928,-0.070
1929,-0.070
1930,-0.090
1931,-0.095
1932,-0.100
1933,-0.120
1934,-0.100
1935,-0.095
1936,-0.095
1937,-0.095
1938,-0.095
1939,-0.090
1940,-0.050
1941,-0.090
1942,-0.070
1943,-0.055
1944,-0.075
1945,-0.095
1946,-0.095
1947,-0.115
1948,-0.080
1949,-0.075
1950,-0.095
1951,-0.080
1952,-0.100
1953,-0.065
1954,-0.065
1955,-0.085
1956,-0.065
1957,-0.085
1958,-0.085
1959,-0.070
1960,-0.090
1961,-0.070
1962,-0.065
1963,-0.065
1964,-0.065
1965,-0.055
1966,-0.080
1967,-0.065
1968,-0.070
1969,-0.110
1970,-0.105
1971,-0.100
1972,-0.100
1973,-0.090
1974,-0.090
1975,-0.095
1976,-0.095
1977,-0.100
1978,-0.100
1979,-0.100
1980,-0.095
1981,-0.115
1982,-0.110
1983,-0.075
1984,-0.035
1985,-0.070
1986,-0.105
1987,-0.105
1988,-0.080
1989,-0.095
1990,-0.090
1991,-0.065
1992,-0.080
1993,-0.080
1994,-0.055
1995,-0.050
1996,-0.090
1997,-0.085
1998,-0.085
1999,-0.085
2000,-0.065
2001,-0.025
2002,-0.080
2003,-0.095
2004,-0.050
2005,-0.045
2006,-0.045
2007,-0.045
2008,-0.045
2009,-0.020
2010,-0.020
2011,-0.060
2012,-0.075
2013,-0.065
2014,-0.060
2015,-0.035
2016,-0.015
2017,-0.015
2018,-0.030
2019,-0.025
2020,-0.020
2021,-0.020
2022,-0.020
2023,0.005
2024,0.025
2025,0.005
2026,0.020
2027,0.020
2028,0.020
2029,0.040
2030,0.020
2031,0.000
2032,0.020
2033,0.040
2034,0.020
2035,-0.005
2036,-0.005
2037,0.010
2038,0.010
2039,0.015
2040,0.015
2041,-0.025
2042,-0.030
2043,0.005
2044,0.005
2045,0.025
2046,0.025
2047,0.005
2048,-0.055
2049,-0.035
2050,-0.015
2051,-0.020
2052,-0.020
2053,0.000
2054,0.005
2055,-0.030
2056,-0.030
2057,-0.005
2058,-0.045
2059,-0.030
2060,-0.010
2061,0.010
2062,0.015
2063,-0.020
2064,-0.020
2065,0.000
2066,-0.010
2067,-0.010
2068,-0.010
2069,-0.020
2070,-0.035
2071,-0.035
2072,-0.020
2073,-0.015
2074,-0.020
2075,-0.035
2076,-0.035
2077,-0.015
2078,0.000
2079,-0.010
2080,-0.020
2081,-0.030
2082,-0.020
2083,-0.030
2084,-0.040
2085,-0.050
2086,-0.030
2087,0.000
2088,0.015
2089,-0.010
2090,-0.040
2091,-0.060
2092,-0.055
2093,-0.040
2094,-0.035
2095,-0.040
2096,-0.035
2097,-0.030
2098,-0.020
2099,-0.020
2100,-0.020
2101,-0.030
2102,-0.030
2103,-0.030
2104,-0.020
2105,-0.030
2106,-0.035
2107,-0.040
2108,-0.040
2109,-0.040
2110,-0.040
2111,-0.035
2112,-0.035
2113,-0.035
2114,-0.040
2115,-0.040
2116,-0.035
2117,-0.030
2118,-0.030
2119,-0.035
2120,-0.040
2121,-0.035
2122,-0.030
2123,-0.020
2124,-0.020
2125,-0.030
2126,-0.035
2127,-0.035
2128,-0.030
2129,-0.030
2130,-0.035
2131,-0.040
2132,-0.040
2133,-0.040
2134,-0.040
2135,-0.040
2136,-0.040
2137,-0.040
2138,-0.035
2139,-0.020
2140,-0.010
2141,0.000
2142,-0.010
2143,-0.015
2144,-0.030
2145,-0.030
2146,-0.030
2147,-0.010
2148,0.000
2149,0.000
2150,-0.010
2151,-0.015
2152,-0.020
2153,-0.035
2154,-0.040
2155,-0.030
2156,-0.020
2157,0.000
2158,-0.020
2159,0.020
2160,0.020
2161,-0.030
2162,-0.050
2163,-0.010
2164,-0.010
2165,-0.030
2166,-0.035
2167,-0.030
2168,-0.035
2169,-0.055
2170,-0.020
2171,-0.020
2172,-0.015
2173,-0.015
2174,0.005
2175,-0.015
2176,-0.015
2177,-0.010
2178,0.015
2179,0.015
2180,0.015
2181,-0.005
2182,-0.020
2183,0.025
2184,0.050
2185,0.015
2186,-0.020
2187,0.020
2188,0.040
2189,0.045
2190,0.050
2191,0.030
2192,0.035
2193,0.075
2194,0.080
2195,0.085
2196,0.065
2197,0.070
2198,0.095
2199,0.080
2200,0.080
2201,0.090
2202,0.095
2203,0.120
2204,0.120
2205,0.085
2206,0.110
2207,0.120
2208,0.120
2209,0.125
2210,0.140
2211,0.150
2212,0.160
2213,0.170
2214,0.175
2215,0.175
2216,0.150
2217,0.135
2218,0.085
2219,0.115
2220,0.130
2221,0.100
2222,0.080
2223,0.095
2224,0.090
2225,0.085
2226,0.095
2227,0.065
2228,0.030
2229,0.035
2230,0.025
2231,0.040
2232,0.060
2233,-0.005
2234,-0.065
2235,-0.055
2236,-0.020
2237,-0.045
2238,-0.030
2239,-0.035
2240,-0.035
2241,-0.060
2242,-0.040
2243,-0.045
2244,-0.065
2245,-0.075
2246,-0.060
2247,-0.045
2248,-0.050
2249,-0.030
2250,-0.030
2251,-0.050
2252,-0.070
2253,-0.070
2254,-0.070
2255,-0.085
2256,-0.050
2257,-0.050
2258,-0.075
2259,-0.070
2260,-0.070
2261,-0.080
2262,-0.055
2263,-0.035
2264,-0.020
2265,-0.055
2266,-0.105
2267,-0.095
2268,-0.060
2269,0.010
2270,0.120
2271,0.210
2272,0.240
2273,0.320
2274,0.400
2275,0.535
2276,0.690
2277,0.810
2278,0.975
2279,1.120
2280,1.185
2281,1.220
2282,1.185
2283,1.115
2284,1.120
2285,1.110
2286,0.975
2287,0.850
2288,0.705
2289,0.600
2290,0.535
2291,0.455
2292,0.350
2293,0.300
2294,0.240
2295,0.140
2296,0.090
2297,0.075
2298,0.010
2299,-0.040
2300,-0.060
2301,-0.070
2302,-0.080
2303,-0.085
2304,-0.090
2305,-0.095
2306,-0.085
2307,-0.070
2308,-0.110
2309,-0.110
2310,-0.070
2311,-0.090
2312,-0.070
2313,-0.110
2314,-0.130
2315,-0.115
2316,-0.135
2317,-0.115
2318,-0.095
2319,-0.110
2320,-0.110
2321,-0.110
2322,-0.130
2323,-0.130
2324,-0.105
2325,-0.140
2326,-0.115
2327,-0.115
2328,-0.095
2329,-0.095
2330,-0.105
2331,-0.105
2332,-0.105
2333,-0.120
2334,-0.100
2335,-0.100
2336,-0.125
2337,-0.105
2338,-0.105
2339,-0.080
2340,-0.075
2341,-0.075
2342,-0.095
2343,-0.100
2344,-0.100
2345,-0.115
2346,-0.110
2347,-0.090
2348,-0.090
2349,-0.095
2350,-0.100
2351,-0.080
2352,-0.080
2353,-0.095
2354,-0.095
2355,-0.095
2356,-0.075
2357,-0.070
2358,-0.090
2359,-0.090
2360,-0.090
2361,-0.095
2362,-0.075
2363,-0.055
2364,-0.075
2365,-0.095
2366,-0.100
2367,-0.095
2368,-0.055
2369,-0.060
2370,-0.080
2371,-0.065
2372,-0.065
2373,-0.065
2374,-0.085
2375,-0.085
2376,-0.045
2377,-0.070
2378,-0.070
2379,-0.050
2380,-0.065
2381,-0.105
2382,-0.065
2383,-0.075
2384,-0.080
2385,-0.085
2386,-0.110
2387,-0.110
2388,-0.085
2389,-0.060
2390,-0.060
2391,-0.070
2392,-0.010
2393,-0.075
2394,-0.175
2395,-0.140
2396,-0.080
2397,-0.100
2398,-0.095
2399,-0.075
2400,-0.070
2401,-0.055
2402,-0.095
2403,-0.110
2404,-0.085
2405,-0.105
2406,-0.080
2407,-0.055
2408,-0.090
2409,-0.065
2410,-0.060
2411,-0.060
2412,-0.055
2413,-0.050
2414,-0.050
2415,-0.045
2416,-0.045
2417,-0.065
2418,-0.085
2419,-0.065
2420,-0.060
2421,-0.055
2422,-0.050
2423,-0.025
2424,-0.065
2425,-0.085
2426,-0.065
2427,-0.040
2428,-0.040
2429,-0.040
2430,-0.055
2431,-0.045
2432,-0.040
2433,-0.035
2434,-0.035
2435,-0.035
2436,-0.030
2437,-0.005
2438,0.040
2439,0.040
2440,-0.020
2441,-0.035
2442,-0.015
2443,0.005
2444,0.000
2445,0.020
2446,0.040
2447,0.020
2448,0.020
2449,0.000
2450,-0.020
2451,-0.020
2452,0.000
2453,-0.005
2454,-0.025
2455,-0.030
2456,-0.030
2457,-0.025
2458,-0.005
2459,-0.005
2460,-0.010
2461,-0.015
2462,-0.015
2463,-0.015
2464,-0.015
2465,0.005
2466,0.005
2467,0.005
2468,0.005
2469,-0.020
2470,-0.020
2471,0.000
2472,-0.015
2473,-0.010
2474,-0.010
2475,0.015
2476,-0.025
2477,-0.030
2478,-0.030
2479,-0.030
2480,-0.025
2481,-0.020
2482,-0.020
2483,-0.040
2484,-0.030
2485,-0.020
2486,-0.030
2487,-0.035
2488,-0.035
2489,-0.035
2490,-0.040
2491,-0.040
2492,-0.030
2493,-0.020
2494,-0.035
2495,-0.055
2496,-0.050
2497,-0.035
2498,-0.020
2499,-0.020
2500,-0.020
2501,-0.030
2502,-0.035
2503,-0.035
2504,-0.040
2505,-0.040
2506,-0.040
2507,-0.020
2508,-0.010
2509,-0.010
2510,-0.020
2511,-0.030
2512,-0.030
2513,-0.020
2514,-0.020
2515,-0.030
2516,-0.020
2517,-0.015
2518,-0.015
2519,-0.020
2520,-0.030
2521,-0.030
2522,-0.030
2523,-0.030
2524,-0.035
2525,-0.050
2526,-0.050
2527,-0.035
2528,-0.030
2529,-0.035
2530,-0.040
2531,-0.030
2532,-0.030
2533,-0.035
2534,-0.055
2535,-0.060
2536,-0.055
2537,-0.050
2538,-0.040
2539,-0.035
2540,-0.035
2541,-0.035
2542,-0.030
2543,-0.020
2544,-0.020
2545,-0.035
2546,-0.040
2547,-0.035
2548,-0.050
2549,-0.055
2550,-0.060
2551,-0.050
2552,-0.040
2553,-0.035
2554,-0.035
2555,-0.035
2556,-0.040
2557,-0.040
2558,-0.035
2559,-0.035
2560,-0.035
2561,-0.035
2562,-0.035
2563,-0.030
2564,-0.020
2565,-0.010
2566,0.000
2567,0.000
2568,-0.010
2569,-0.015
2570,-0.020
2571,-0.040
2572,-0.020
2573,0.000
2574,0.000
2575,0.000
2576,-0.010
2577,-0.030
2578,-0.030
2579,-0.030
2580,-0.030
2581,-0.015
2582,-0.030
2583,-0.015
2584,-0.035
2585,-0.040
2586,-0.040
2587,-0.035
2588,-0.015
2589,-0.015
2590,0.005
2591,-0.035
2592,-0.010
2593,-0.005
2594,-0.005
2595,-0.025
2596,0.015
2597,0.040
2598,0.025
2599,-0.030
2600,-0.005
2601,0.020
2602,0.040
2603,0.060
2604,0.065
2605,0.050
2606,0.090
2607,0.055
2608,0.015
2609,0.060
2610,0.065
2611,0.065
2612,0.070
2613,0.075
2614,0.080
2615,0.100
2616,0.110
2617,0.135
2618,0.100
2619,0.080
2620,0.085
2621,0.150
2622,0.160
2623,0.120
2624,0.105
2625,0.120
2626,0.130
2627,0.140
2628,0.150
2629,0.155
2630,0.155
2631,0.150
2632,0.155
2633,0.125
2634,0.095
2635,0.110
2636,0.100
2637,0.080
2638,0.095
2639,0.070
2640,0.045
2641,0.075
2642,0.065
2643,0.030
2644,-0.005
2645,-0.015
2646,-0.020
2647,0.000
2648,-0.005
2649,-0.005
2650,-0.015
2651,-0.040
2652,-0.025
2653,-0.030
2654,-0.055
2655,-0.055
2656,-0.020
2657,-0.020
2658,-0.025
2659,-0.025
2660,-0.035
2661,-0.060
2662,-0.045
2663,-0.070
2664,-0.070
2665,-0.070
2666,-0.070
2667,-0.050
2668,-0.050
2669,-0.050
2670,-0.065
2671,-0.050
2672,-0.050
2673,-0.055
2674,-0.070
2675,-0.090
2676,-0.080
2677,-0.055
2678,-0.035
2679,-0.040
2680,-0.075
2681,-0.105
2682,-0.095
2683,-0.060
2684,-0.030
2685,0.040
2686,0.130
2687,0.180
2688,0.240
2689,0.360
2690,0.455
2691,0.590
2692,0.750
2693,0.895
2694,1.000
2695,1.125
2696,1.220
2697,1.185
2698,1.095
2699,1.100
2700,1.110
2701,1.035
2702,0.910
2703,0.765
2704,0.660
2705,0.575
2706,0.495
2707,0.390
2708,0.340
2709,0.300
2710,0.220
2711,0.130
2712,0.095
2713,0.030
2714,-0.060
2715,-0.060
2716,-0.030
2717,-0.040
2718,-0.065
2719,-0.110
2720,-0.095
2721,-0.085
2722,-0.110
2723,-0.090
2724,-0.090
2725,-0.130
2726,-0.130
2727,-0.110
2728,-0.110
2729,-0.090
2730,-0.115
2731,-0.115
2732,-0.115
2733,-0.135
2734,-0.110
2735,-0.110
2736,-0.110
2737,-0.110
2738,-0.130
2739,-0.125
2740,-0.100
2741,-0.115
2742,-0.095
2743,-0.095
2744,-0.095
2745,-0.105
2746,-0.125
2747,-0.105
2748,-0.100
2749,-0.120
2750,-0.120
2751,-0.085
2752,-0.105
2753,-0.105
2754,-0.100
2755,-0.115
2756,-0.095
2757,-0.075
2758,-0.080
2759,-0.080
2760,-0.075
2761,-0.090
2762,-0.090
2763,-0.090
2764,-0.075
2765,-0.080
2766,-0.100
2767,-0.100
2768,-0.095
2769,-0.095
2770,-0.095
2771,-0.075
2772,-0.090
2773,-0.090
2774,-0.070
2775,-0.050
2776,-0.075
2777,-0.075
2778,-0.095
2779,-0.075
2780,-0.055
2781,-0.060
2782,-0.075
2783,-0.075
2784,-0.060
2785,-0.080
2786,-0.105
2787,-0.105
2788,-0.085
2789,-0.085
2790,-0.065
2791,-0.085
2792,-0.070
2793,-0.050
2794,-0.070
2795,-0.065
2796,-0.005
2797,0.015
2798,-0.075
2799,-0.140
2800,-0.125
2801,-0.110
2802,-0.090
2803,-0.065
2804,-0.060
2805,-0.100
2806,-0.090
2807,-0.070
2808,-0.075
2809,-0.055
2810,-0.080
2811,-0.120
2812,-0.080
2813,-0.075
2814,-0.095
2815,-0.070
2816,-0.095
2817,-0.095
2818,-0.110
2819,-0.105
2820,-0.085
2821,-0.080
2822,-0.075
2823,-0.050
2824,-0.045
2825,-0.040
2826,-0.040
2827,-0.055
2828,-0.110
2829,-0.090
2830,-0.065
2831,-0.045
2832,-0.065
2833,-0.085
2834,-0.045
2835,-0.040
2836,-0.055
2837,-0.030
2838,-0.045
2839,-0.045
2840,-0.005
2841,-0.045
2842,-0.080
2843,-0.060
2844,-0.060
2845,-0.055
2846,-0.025
2847,0.000
2848,0.005
2849,-0.035
2850,-0.055
2851,-0.010
2852,-0.025
2853,0.000
2854,0.000
2855,0.000
2856,0.025
2857,0.025
2858,-0.015
2859,-0.020
2860,-0.020
2861,-0.040
2862,-0.040
2863,-0.020
2864,0.000
2865,0.020
2866,0.000
2867,0.020
2868,0.035
2869,0.015
2870,-0.010
2871,-0.010
2872,-0.005
2873,0.015
2874,0.035
2875,0.010
2876,0.005
2877,0.005
2878,0.005
2879,-0.015
2880,-0.035
2881,-0.015
2882,-0.035
2883,-0.015
2884,0.020
2885,-0.020
2886,-0.040
2887,-0.035
2888,-0.010
2889,-0.010
2890,-0.045
2891,-0.025
2892,-0.010
2893,-0.030
2894,-0.050
2895,-0.045
2896,-0.020
2897,-0.020
2898,-0.040
2899,-0.035
2900,-0.020
2901,-0.015
2902,-0.020
2903,-0.030
2904,-0.030
2905,-0.015
2906,-0.015
2907,-0.020
2908,-0.030
2909,-0.030
2910,-0.035
2911,-0.040
2912,-0.040
2913,-0.035
2914,-0.035
2915,-0.040
2916,-0.040
2917,-0.050
2918,-0.055
2919,-0.055
2920,-0.050
2921,-0.040
2922,-0.030
2923,-0.020
2924,-0.015
2925,-0.020
2926,-0.030
2927,-0.040
2928,-0.050
2929,-0.055
2930,-0.050
2931,-0.040
2932,-0.020
2933,-0.015
2934,-0.020
2935,-0.030
2936,-0.015
2937,0.000
2938,0.000
2939,-0.020
2940,-0.035
2941,-0.040
2942,-0.040
2943,-0.040
2944,-0.040
2945,-0.040
2946,-0.035
2947,-0.030
2948,-0.020
2949,-0.020
2950,-0.030
2951,-0.030
2952,-0.035
2953,-0.035
2954,-0.050
2955,-0.050
2956,-0.050
2957,-0.040
2958,-0.035
2959,-0.020
2960,0.010
2961,0.015
2962,-0.010
2963,-0.040
2964,-0.055
2965,-0.055
2966,-0.040
2967,-0.030
2968,-0.020
2969,-0.035
2970,-0.050
2971,-0.050
2972,-0.040
2973,-0.040
2974,-0.040
2975,-0.030
2976,-0.015
2977,-0.010
2978,-0.020
2979,-0.020
2980,-0.015
2981,-0.015
2982,-0.030
2983,-0.030
2984,-0.020
2985,-0.020
2986,-0.030
2987,-0.035
2988,-0.035
2989,-0.060
2990,-0.020
2991,-0.040
2992,-0.020
2993,-0.040
2994,-0.050
2995,-0.030
2996,-0.010
2997,-0.010
2998,-0.010
2999,-0.015
3000,0.010
3001,0.005
3002,-0.055
3003,-0.060
3004,-0.060
3005,-0.035
3006,-0.035
3007,-0.035
3008,-0.015
3009,-0.015
3010,-0.030
3011,-0.025
3012,-0.005
3013,-0.005
3014,-0.005
3015,0.000
3016,0.005
3017,0.030
3018,0.015
3019,0.020
3020,0.020
3021,0.020
3022,0.005
3023,0.030
3024,0.050
3025,0.055
3026,0.075
3027,0.060
3028,0.065
3029,0.065
3030,0.070
3031,0.075
3032,0.080
3033,0.060
3034,0.090
3035,0.095
3036,0.100
3037,0.100
3038,0.105
3039,0.110
3040,0.120
3041,0.120
3042,0.125
3043,0.160
3044,0.150
3045,0.140
3046,0.150
3047,0.155
3048,0.195
3049,0.190
3050,0.155
3051,0.125
3052,0.095
3053,0.070
3054,0.060
3055,0.080
3056,0.075
3057,0.070
3058,0.045
3059,0.075
3060,0.045
3061,0.030
3062,-0.005
3063,0.005
3064,0.000
3065,-0.020
3066,-0.025
3067,-0.005
3068,0.025
3069,-0.020
3070,-0.065
3071,-0.030
3072,-0.015
3073,-0.035
3074,-0.060
3075,-0.040
3076,-0.025
3077,-0.065
3078,-0.075
3079,-0.080
3080,-0.065
3081,-0.070
3082,-0.050
3083,-0.030
3084,-0.050
3085,-0.090
3086,-0.070
3087,-0.050
3088,-0.065
3089,-0.090
3090,-0.050
3091,-0.075
3092,-0.050
3093,-0.050
3094,-0.060
3095,-0.075
3096,-0.055
3097,-0.060
3098,-0.095
3099,-0.105
3100,-0.055
3101,-0.040
3102,-0.010
3103,0.060
3104,0.130
3105,0.180
3106,0.280
3107,0.400
3108,0.495
3109,0.670
3110,0.830
3111,0.915
3112,1.040
3113,1.145
3114,1.160
3115,1.125
3116,1.095
3117,1.100
3118,1.050
3119,0.955
3120,0.810
3121,0.665
3122,0.600
3123,0.535
3124,0.395
3125,0.330
3126,0.300
3127,0.220
3128,0.180
3129,0.150
3130,0.075
3131,-0.030
3132,-0.060
3133,-0.060
3134,-0.070
3135,-0.100
3136,-0.085
3137,-0.030
3138,-0.075
3139,-0.125
3140,-0.130
3141,-0.110
3142,-0.110
3143,-0.110
3144,-0.110
3145,-0.090
3146,-0.130
3147,-0.150
3148,-0.115
3149,-0.115
3150,-0.135
3151,-0.115
3152,-0.130
3153,-0.130
3154,-0.110
3155,-0.110
3156,-0.110
3157,-0.125
3158,-0.120
3159,-0.115
3160,-0.095
3161,-0.075
3162,-0.095
3163,-0.145
3164,-0.125
3165,-0.085
3166,-0.100
3167,-0.080
3168,-0.080
3169,-0.125
3170,-0.145
3171,-0.145
3172,-0.100
3173,-0.095
3174,-0.095
3175,-0.115
3176,-0.140
3177,-0.140
3178,-0.115
3179,-0.110
3180,-0.110
3181,-0.110
3182,-0.095
3183,-0.100
3184,-0.080
3185,-0.080
3186,-0.095
3187,-0.055
3188,-0.015
3189,-0.055
3190,-0.110
3191,-0.110
3192,-0.090
3193,-0.090
3194,-0.115
3195,-0.095
3196,-0.095
3197,-0.095
3198,-0.075
3199,-0.100
3200,-0.095
3201,-0.075
3202,-0.060
3203,-0.040
3204,-0.085
3205,-0.105
3206,-0.085
3207,-0.065
3208,-0.085
3209,-0.105
3210,-0.110
3211,-0.090
3212,-0.110
3213,-0.105
3214,-0.105
3215,-0.065
3216,-0.055
3217,-0.080
3218,-0.145
3219,-0.130
3220,-0.110
3221,-0.085
3222,-0.040
3223,-0.060
3224,-0.130
3225,-0.130
3226,-0.095
3227,-0.115
3228,-0.120
3229,-0.100
3230,-0.100
3231,-0.055
3232,-0.035
3233,-0.090
3234,-0.135
3235,-0.135
3236,-0.090
3237,-0.085
3238,-0.085
3239,-0.080
3240,-0.055
3241,-0.070
3242,-0.065
3243,-0.060
3244,-0.120
3245,-0.095
3246,-0.050
3247,-0.070
3248,-0.045
3249,-0.065
3250,-0.085
3251,-0.085
3252,-0.085
3253,-0.080
3254,-0.055
3255,-0.070
3256,-0.065
3257,-0.065
3258,-0.065
3259,-0.045
3260,-0.040
3261,-0.040
3262,-0.060
3263,-0.075
3264,-0.065
3265,-0.040
3266,-0.035
3267,-0.055
3268,-0.035
3269,-0.030
3270,-0.025
3271,0.000
3272,0.000
3273,0.020
3274,0.025
3275,0.025
3276,0.005
3277,-0.020
3278,0.000
3279,0.000
3280,0.000
3281,0.000
3282,0.000
3283,0.020
3284,0.020
3285,-0.020
3286,-0.045
3287,-0.045
3288,-0.050
3289,-0.010
3290,0.015
3291,-0.025
3292,-0.045
3293,-0.010
3294,0.025
3295,0.005
3296,-0.035
3297,-0.055
3298,-0.055
3299,-0.035
3300,-0.015
3301,-0.015
3302,-0.020
3303,-0.020
3304,-0.040
3305,-0.055
3306,-0.030
3307,0.010
3308,0.015
3309,0.015
3310,-0.030
3311,-0.050
3312,-0.050
3313,-0.045
3314,-0.060
3315,-0.040
3316,-0.080
3317,-0.055
3318,-0.030
3319,-0.020
3320,-0.030
3321,-0.040
3322,-0.050
3323,-0.055
3324,-0.055
3325,-0.055
3326,-0.070
3327,-0.080
3328,-0.075
3329,-0.060
3330,-0.060
3331,-0.060
3332,-0.060
3333,-0.060
3334,-0.075
3335,-0.080
3336,-0.075
3337,-0.060
3338,-0.060
3339,-0.075
3340,-0.090
3341,-0.090
3342,-0.075
3343,-0.060
3344,-0.055
3345,-0.070
3346,-0.090
3347,-0.095
3348,-0.090
3349,-0.080
3350,-0.075
3351,-0.075
3352,-0.075
3353,-0.075
3354,-0.070
3355,-0.060
3356,-0.060
3357,-0.060
3358,-0.060
3359,-0.055
3360,-0.040
3361,-0.035
3362,-0.050
3363,-0.070
3364,-0.075
3365,-0.075
3366,-0.070
3367,-0.070
3368,-0.070
3369,-0.075
3370,-0.070
3371,-0.060
3372,-0.055
3373,-0.070
3374,-0.070
3375,-0.070
3376,-0.060
3377,-0.070
3378,-0.075
3379,-0.075
3380,-0.060
3381,-0.050
3382,-0.050
3383,-0.050
3384,-0.055
3385,-0.050
3386,-0.040
3387,-0.030
3388,-0.030
3389,-0.040
3390,-0.055
3391,-0.055
3392,-0.050
3393,-0.035
3394,-0.030
3395,-0.030
3396,-0.035
3397,-0.035
3398,-0.030
3399,-0.030
3400,-0.035
3401,-0.035
3402,-0.015
3403,-0.010
3404,-0.020
3405,-0.035
3406,-0.040
3407,-0.040
3408,-0.060
3409,-0.020
3410,-0.020
3411,-0.070
3412,-0.070
3413,-0.050
3414,-0.050
3415,-0.010
3416,-0.015
3417,-0.070
3418,-0.075
3419,-0.055
3420,-0.060
3421,-0.060
3422,-0.035
3423,-0.015
3424,-0.035
3425,-0.035
3426,-0.015
3427,-0.030
3428,-0.005
3429,-0.025
3430,-0.025
3431,-0.005
3432,0.000
3433,-0.015
3434,0.010
3435,0.015
3436,0.000
3437,0.020
3438,0.020
3439,0.025
3440,0.030
3441,0.030
3442,0.035
3443,0.035
3444,0.040
3445,0.065
3446,0.065
3447,0.070
3448,0.115
3449,0.100
3450,0.080
3451,0.090
3452,0.115
3453,0.120
3454,0.120
3455,0.085
3456,0.070
3457,0.100
3458,0.100
3459,0.125
3460,0.140
3461,0.150
3462,0.160
3463,0.170
3464,0.175
3465,0.175
3466,0.150
3467,0.115
3468,0.125
3469,0.115
3470,0.090
3471,0.080
3472,0.080
3473,0.115
3474,0.090
3475,0.045
3476,0.035
3477,0.025
3478,0.010
3479,0.015
3480,0.005
3481,-0.020
3482,-0.020
3483,-0.045
3484,-0.025
3485,-0.015
3486,-0.020
3487,-0.025
3488,-0.010
3489,-0.055
3490,-0.035
3491,-0.040
3492,-0.020
3493,-0.025
3494,-0.045
3495,-0.035
3496,-0.060
3497,-0.065
3498,-0.030
3499,-0.050
3500,-0.030
3501,0.010
3502,-0.030
3503,-0.070
3504,-0.070
3505,-0.025
3506,-0.030
3507,-0.090
3508,-0.095
3509,-0.090
3510,-0.110
3511,-0.060
3512,-0.015
3513,-0.055
3514,-0.120
3515,-0.095
3516,-0.085
3517,-0.095
3518,-0.080
3519,-0.010
3520,0.120
3521,0.170
3522,0.160
3523,0.260
3524,0.400
3525,0.515
3526,0.590
3527,0.730
3528,0.915
3529,1.080
3530,1.165
3531,1.160
3532,1.125
3533,1.095
3534,1.080
3535,0.990
3536,0.895
3537,0.750
3538,0.565
3539,0.480
3540,0.455
3541,0.375
3542,0.270
3543,0.240
3544,0.200
3545,0.120
3546,0.050
3547,0.015
3548,-0.030
3549,-0.040
3550,-0.020
3551,-0.050
3552,-0.080
3553,-0.065
3554,-0.050
3555,-0.095
3556,-0.125
3557,-0.130
3558,-0.110
3559,-0.070
3560,-0.110
3561,-0.130
3562,-0.110
3563,-0.110
3564,-0.110
3565,-0.115
3566,-0.135
3567,-0.115
3568,-0.115
3569,-0.110
3570,-0.110
3571,-0.110
3572,-0.110
3573,-0.090
3574,-0.085
3575,-0.100
3576,-0.095
3577,-0.095
3578,-0.095
3579,-0.075
3580,-0.085
3581,-0.105
3582,-0.105
3583,-0.080
3584,-0.100
3585,-0.140
3586,-0.125
3587,-0.105
3588,-0.105
3589,-0.100
3590,-0.095
3591,-0.115
3592,-0.115
3593,-0.120
3594,-0.080
3595,-0.055
3596,-0.070
3597,-0.090
3598,-0.050
3599,-0.075
3600,-0.100
3601,-0.100
3602,-0.100
3603,-0.095
3604,-0.095
3605,-0.095
3606,-0.095
3607,-0.090
3608,-0.090
3609,-0.070
3610,-0.090
3611,-0.095
3612,-0.095
3613,-0.095
3614,-0.095
3615,-0.095
3616,-0.100
3617,-0.075
3618,-0.095
3619,-0.100
3620,-0.100
3621,-0.105
3622,-0.105
3623,-0.045
3624,-0.045
3625,-0.065
3626,-0.085
3627,-0.110
3628,-0.110
3629,-0.070
3630,-0.045
3631,-0.065
3632,-0.085
3633,-0.115
3634,-0.100
3635,-0.085
3636,-0.090
3637,-0.090
3638,-0.085
3639,-0.040
3640,-0.060
3641,-0.110
3642,-0.110
3643,-0.075
3644,-0.115
3645,-0.120
3646,-0.080
3647,-0.100
3648,-0.115
3649,-0.095
3650,-0.090
3651,-0.115
3652,-0.115
3653,-0.090
3654,-0.065
3655,-0.065
3656,-0.060
3657,-0.075
3658,-0.090
3659,-0.085
3660,-0.080
3661,-0.060
3662,-0.055
3663,-0.070
3664,-0.070
3665,-0.065
3666,-0.065
3667,-0.045
3668,-0.045
3669,-0.065
3670,-0.080
3671,-0.055
3672,-0.070
3673,-0.065
3674,-0.065
3675,-0.065
3676,-0.025
3677,-0.040
3678,-0.060
3679,-0.060
3680,-0.035
3681,-0.045
3682,-0.020
3683,-0.015
3684,-0.015
3685,-0.035
3686,-0.030
3687,-0.025
3688,0.000
3689,0.020
3690,0.040
3691,0.005
3692,0.025
3693,0.065
3694,0.020
3695,-0.040
3696,-0.040
3697,-0.040
3698,-0.020
3699,-0.020
3700,0.000
3701,0.000
3702,-0.020
3703,-0.005
3704,-0.005
3705,-0.030
3706,-0.030
3707,-0.025
3708,-0.025
3709,-0.025
3710,-0.010
3711,-0.015
3712,-0.035
3713,-0.035
3714,-0.015
3715,0.005
3716,-0.055
3717,-0.075
3718,-0.055
3719,-0.040
3720,-0.040
3721,-0.020
3722,-0.035
3723,-0.030
3724,-0.030
3725,-0.025
3726,-0.045
3727,-0.070
3728,-0.050
3729,-0.050
3730,-0.045
3731,-0.040
3732,-0.040
3733,-0.040
3734,-0.050
3735,-0.040
3736,-0.040
3737,-0.055
3738,-0.070
3739,-0.055
3740,-0.035
3741,-0.020
3742,-0.030
3743,-0.050
3744,-0.060
3745,-0.070
3746,-0.060
3747,-0.050
3748,-0.050
3749,-0.050
3750,-0.060
3751,-0.055
3752,-0.050
3753,-0.040
3754,-0.050
3755,-0.050
3756,-0.040
3757,-0.030
3758,-0.030
3759,-0.035
3760,-0.040
3761,-0.040
3762,-0.040
3763,-0.050
3764,-0.050
3765,-0.050
3766,-0.035
3767,-0.030
3768,-0.020
3769,-0.030
3770,-0.035
3771,-0.050
3772,-0.050
3773,-0.040
3774,-0.035
3775,-0.040
3776,-0.050
3777,-0.030
3778,-0.010
3779,-0.015
3780,-0.040
3781,-0.040
3782,-0.035
3783,-0.040
3784,-0.070
3785,-0.075
3786,-0.070
3787,-0.050
3788,-0.040
3789,-0.040
3790,-0.055
3791,-0.055
3792,-0.050
3793,-0.050
3794,-0.060
3795,-0.070
3796,-0.060
3797,-0.040
3798,-0.035
3799,-0.035
3800,-0.040
3801,-0.035
3802,-0.030
3803,-0.030
3804,-0.035
3805,-0.040
3806,-0.040
3807,-0.050
3808,-0.050
3809,-0.040
3810,-0.035
3811,-0.035
3812,-0.050
3813,-0.050
3814,-0.050
3815,-0.040
3816,-0.040
3817,-0.040
3818,-0.040
3819,-0.020
3820,0.000
3821,0.020
3822,-0.040
3823,-0.080
3824,-0.060
3825,-0.050
3826,-0.050
3827,-0.050
3828,-0.050
3829,-0.050
3830,-0.055
3831,-0.050
3832,-0.015
3833,-0.015
3834,-0.040
3835,-0.060
3836,-0.055
3837,-0.035
3838,-0.055
3839,-0.055
3840,-0.035
3841,-0.010
3842,-0.005
3843,-0.005
3844,-0.025
3845,-0.045
3846,0.000
3847,0.005
3848,0.010
3849,0.035
3850,0.060
3851,0.040
3852,0.020
3853,0.005
3854,0.030
3855,0.030
3856,0.055
3857,0.055
3858,0.060
3859,0.085
3860,0.065
3861,0.050
3862,0.075
3863,0.080
3864,0.080
3865,0.110
3866,0.115
3867,0.100
3868,0.080
3869,0.105
3870,0.150
3871,0.160
3872,0.100
3873,0.105
3874,0.120
3875,0.110
3876,0.140
3877,0.170
3878,0.155
3879,0.135
3880,0.110
3881,0.135
3882,0.165
3883,0.135
3884,0.110
3885,0.100
3886,0.080
3887,0.055
3888,0.070
3889,0.085
3890,0.055
3891,0.005
3892,0.010
3893,0.035
3894,0.005
3895,-0.020
3896,-0.020
3897,-0.025
3898,0.015
3899,-0.015
3900,-0.020
3901,-0.025
3902,-0.070
3903,-0.055
3904,-0.015
3905,-0.080
3906,-0.080
3907,-0.045
3908,-0.005
3909,-0.035
3910,-0.080
3911,-0.065
3912,-0.030
3913,-0.070
3914,-0.090
3915,-0.070
3916,-0.050
3917,-0.050
3918,-0.050
3919,-0.065
3920,-0.070
3921,-0.090
3922,-0.095
3923,-0.090
3924,-0.090
3925,-0.060
3926,-0.055
3927,-0.075
3928,-0.080
3929,-0.075
3930,-0.105
3931,-0.115
3932,-0.060
3933,0.030
3934,0.100
3935,0.150
3936,0.200
3937,0.280
3938,0.380
3939,0.535
3940,0.670
3941,0.810
3942,0.975
3943,1.100
3944,1.205
3945,1.240
3946,1.145
3947,1.075
3948,1.100
3949,1.050
3950,0.895
3951,0.750
3952,0.625
3953,0.540
3954,0.495
3955,0.395
3956,0.290
3957,0.240
3958,0.160
3959,0.120
3960,0.070
3961,0.075
3962,-0.010
3963,-0.080
3964,-0.080
3965,-0.070
3966,-0.100
3967,-0.105
3968,-0.090
3969,-0.095
3970,-0.085
3971,-0.090
3972,-0.090
3973,-0.070
3974,-0.070
3975,-0.090
3976,-0.130
3977,-0.130
3978,-0.110
3979,-0.095
3980,-0.095
3981,-0.095
3982,-0.115
3983,-0.130
3984,-0.130
3985,-0.110
3986,-0.090
3987,-0.110
3988,-0.105
3989,-0.100
3990,-0.115
3991,-0.095
3992,-0.115
3993,-0.135
3994,-0.125
3995,-0.125
3996,-0.105
3997,-0.100
3998,-0.080
3999,-0.080
4000,-0.105
4001,-0.105
4002,-0.125
4003,-0.120
4004,-0.075
4005,-0.095
4006,-0.095
4007,-0.100
4008,-0.100
4009,-0.095
4010,-0.110
4011,-0.090
4012,-0.070
4013,-0.095
4014,-0.120
4015,-0.080
4016,-0.080
4017,-0.075
4018,-0.095
4019,-0.115
4020,-0.095
4021,-0.090
4022,-0.090
4023,-0.050
4024,-0.050
4025,-0.095
4026,-0.095
4027,-0.035
4028,-0.035
4029,-0.075
4030,-0.100
4031,-0.075
4032,-0.055
4033,-0.060
4034,-0.080
4035,-0.085
4036,-0.085
4037,-0.085
4038,-0.065
4039,-0.085
4040,-0.045
4041,-0.070
4042,-0.070
4043,-0.070
4044,-0.085
4045,-0.065
4046,-0.085
4047,-0.095
4048,-0.060
4049,-0.025
4050,-0.070
4051,-0.090
4052,-0.105
4053,-0.080
4054,-0.060
4055,-0.090
4056,-0.110
4057,-0.075
4058,-0.075
4059,-0.060
4060,-0.080
4061,-0.100
4062,-0.095
4063,-0.075
4064,-0.070
4065,-0.075
4066,-0.095
4067,-0.070
4068,-0.045
4069,-0.065
4070,-0.080
4071,-0.055
4072,-0.050
4073,-0.045
4074,-0.060
4075,-0.080
4076,-0.075
4077,-0.090
4078,-0.030
4079,-0.025
4080,-0.045
4081,-0.045
4082,-0.045
4083,-0.065
4084,-0.040
4085,-0.035
4086,-0.010
4087,-0.005
4088,-0.005
4089,-0.085
4090,-0.085
4091,-0.060
4092,-0.060
4093,-0.040
4094,-0.035
4095,-0.025
4096,-0.040
4097,-0.035
4098,-0.015
4099,-0.015
4100,-0.010
4101,0.015
4102,0.020
4103,0.020
4104,0.000
4105,-0.015
4106,0.005
4107,0.025
4108,0.020
4109,0.020
4110,0.000
4111,0.000
4112,0.020
4113,0.020
4114,0.020
4115,0.020
4116,0.020
4117,0.015
4118,-0.005
4119,-0.010
4120,-0.010
4121,-0.025
4122,-0.025
4123,0.015
4124,0.010
4125,-0.015
4126,-0.035
4127,-0.035
4128,-0.015
4129,0.005
4130,-0.015
4131,-0.035
4132,-0.015
4133,-0.040
4134,-0.020
4135,-0.020
4136,-0.035
4137,-0.050
4138,-0.030
4139,-0.025
4140,-0.005
4141,0.010
4142,-0.010
4143,-0.030
4144,-0.025
4145,0.020
4146,0.020
4147,-0.040
4148,-0.035
4149,-0.035
4150,-0.035
4151,-0.040
4152,-0.040
4153,-0.035
4154,-0.035
4155,-0.030
4156,-0.020
4157,-0.010
4158,-0.015
4159,-0.035
4160,-0.055
4161,-0.050
4162,-0.040
4163,-0.035
4164,-0.035
4165,-0.030
4166,-0.020
4167,-0.030
4168,-0.040
4169,-0.060
4170,-0.070
4171,-0.060
4172,-0.040
4173,-0.035
4174,-0.035
4175,-0.035
4176,-0.035
4177,-0.030
4178,-0.030
4179,-0.020
4180,-0.030
4181,-0.035
4182,-0.040
4183,-0.030
4184,-0.015
4185,-0.015
4186,-0.030
4187,-0.040
4188,-0.040
4189,-0.040
4190,-0.040
4191,-0.035
4192,-0.035
4193,-0.040
4194,-0.050
4195,-0.050
4196,-0.035
4197,-0.020
4198,-0.020
4199,-0.035
4200,-0.050
4201,-0.050
4202,-0.040
4203,-0.035
4204,-0.030
4205,-0.020
4206,-0.020
4207,-0.035
4208,-0.040
4209,-0.050
4210,-0.050
4211,-0.040
4212,-0.040
4213,-0.040
4214,-0.050
4215,-0.050
4216,-0.035
4217,-0.030
4218,-0.030
4219,-0.030
4220,-0.035
4221,-0.035
4222,-0.040
4223,-0.040
4224,-0.040
4225,-0.040
4226,-0.040
4227,-0.040
4228,-0.035
4229,-0.030
4230,-0.020
4231,-0.020
4232,-0.030
4233,-0.030
4234,-0.035
4235,-0.030
4236,-0.015
4237,0.000
4238,-0.040
4239,-0.060
4240,-0.020
4241,0.020
4242,0.010
4243,-0.030
4244,-0.030
4245,-0.050
4246,-0.070
4247,-0.055
4248,-0.030
4249,-0.055
4250,-0.055
4251,-0.060
4252,-0.040
4253,-0.015
4254,0.005
4255,-0.015
4256,-0.035
4257,-0.035
4258,-0.070
4259,-0.045
4260,-0.025
4261,-0.025
4262,-0.045
4263,-0.020
4264,0.025
4265,0.050
4266,0.015
4267,0.000
4268,0.020
4269,0.040
4270,0.025
4271,0.030
4272,0.030
4273,0.035
4274,0.055
4275,0.060
4276,0.065
4277,0.065
4278,0.050
4279,0.075
4280,0.060
4281,0.080
4282,0.110
4283,0.095
4284,0.080
4285,0.080
4286,0.085
4287,0.110
4288,0.100
4289,0.100
4290,0.125
4291,0.140
4292,0.150
4293,0.140
4294,0.150
4295,0.175
4296,0.175
4297,0.130
4298,0.095
4299,0.085
4300,0.095
4301,0.110
4302,0.080
4303,0.080
4304,0.115
4305,0.090
4306,0.065
4307,0.055
4308,0.005
4309,0.030
4310,0.055
4311,0.005
4312,-0.040
4313,-0.040
4314,-0.025
4315,-0.005
4316,-0.035
4317,-0.060
4318,-0.045
4319,-0.030
4320,-0.035
4321,-0.035
4322,-0.040
4323,-0.060
4324,-0.065
4325,-0.045
4326,-0.035
4327,-0.060
4328,-0.045
4329,-0.030
4330,-0.090
4331,-0.110
4332,-0.090
4333,-0.090
4334,-0.090
4335,-0.090
4336,-0.045
4337,-0.050
4338,-0.110
4339,-0.115
4340,-0.030
4341,-0.050
4342,-0.100
4343,-0.075
4344,-0.075
4345,-0.080
4346,-0.095
4347,-0.125
4348,-0.115
4349,-0.060
4350,-0.010
4351,0.100
4352,0.170
4353,0.200
4354,0.280
4355,0.380
4356,0.495
4357,0.650
4358,0.830
4359,0.975
4360,1.100
4361,1.205
4362,1.260
4363,1.185
4364,1.095
4365,1.100
4366,1.090
4367,0.995
4368,0.850
4369,0.685
4370,0.580
4371,0.535
4372,0.435
4373,0.330
4374,0.260
4375,0.220
4376,0.160
4377,0.070
4378,0.055
4379,-0.010
4380,-0.060
4381,-0.060
4382,-0.050
4383,-0.080
4384,-0.085
4385,-0.070
4386,-0.075
4387,-0.065
4388,-0.090
4389,-0.110
4390,-0.110
4391,-0.130
4392,-0.130
4393,-0.110
4394,-0.110
4395,-0.090
4396,-0.115
4397,-0.095
4398,-0.075
4399,-0.095
4400,-0.130
4401,-0.130
4402,-0.130
4403,-0.130
4404,-0.130
4405,-0.125
4406,-0.120
4407,-0.115
4408,-0.095
4409,-0.055
4410,-0.115
4411,-0.145
4412,-0.125
4413,-0.105
4414,-0.120
4415,-0.120
4416,-0.140
4417,-0.105
4418,-0.065
4419,-0.105
4420,-0.140
4421,-0.115
4422,-0.115
4423,-0.075
4424,-0.100
4425,-0.120
4426,-0.115
4427,-0.090
4428,-0.090
4429,-0.090
4430,-0.095
4431,-0.100
4432,-0.080
4433,-0.080
4434,-0.095
4435,-0.095
4436,-0.095
4437,-0.075
4438,-0.070
4439,-0.050
4440,-0.030
4441,-0.090
4442,-0.135
4443,-0.115
4444,-0.095
4445,-0.115
4446,-0.075
4447,-0.080
4448,-0.095
4449,-0.095
4450,-0.100
4451,-0.060
4452,-0.045
4453,-0.065
4454,-0.125
4455,-0.125
4456,-0.085
4457,-0.085
4458,-0.110
4459,-0.090
4460,-0.090
4461,-0.105
4462,-0.065
4463,-0.045
4464,-0.055
4465,-0.080
4466,-0.105
4467,-0.110
4468,-0.090
4469,-0.085
4470,-0.060
4471,-0.080
4472,-0.110
4473,-0.090
4474,-0.095
4475,-0.115
4476,-0.120
4477,-0.100
4478,-0.100
4479,-0.115
4480,-0.115
4481,-0.110
4482,-0.095
4483,-0.095
4484,-0.090
4485,-0.085
4486,-0.065
4487,-0.080
4488,-0.095
4489,-0.110
4490,-0.085
4491,-0.100
4492,-0.080
4493,-0.035
4494,-0.070
4495,-0.070
4496,-0.045
4497,-0.045
4498,-0.065
4499,-0.085
4500,-0.065
4501,-0.060
4502,-0.055
4503,-0.070
4504,-0.085
4505,-0.085
4506,-0.065
4507,-0.045
4508,-0.060
4509,-0.060
4510,-0.060
4511,-0.075
4512,-0.065
4513,-0.060
4514,-0.055
4515,-0.035
4516,-0.035
4517,-0.030
4518,-0.045
4519,-0.040
4520,-0.020
4521,-0.020
4522,0.005
4523,0.005
4524,-0.035
4525,-0.040
4526,-0.020
4527,-0.020
4528,0.040
4529,0.020
4530,-0.020
4531,-0.020
4532,-0.020
4533,-0.020
4534,-0.005
4535,-0.005
4536,0.010
4537,0.010
4538,-0.025
4539,-0.045
4540,-0.045
4541,-0.050
4542,-0.035
4543,-0.035
4544,-0.035
4545,-0.015
4546,-0.015
4547,-0.015
4548,-0.015
4549,-0.035
4550,-0.040
4551,-0.040
4552,-0.060
4553,-0.035
4554,-0.010
4555,-0.030
4556,-0.025
4557,-0.025
4558,-0.050
4559,-0.050
4560,-0.070
4561,-0.025
4562,-0.020
4563,-0.020
4564,-0.020
4565,-0.030
4566,-0.040
4567,-0.055
4568,-0.055
4569,-0.055
4570,-0.050
4571,-0.040
4572,-0.035
4573,-0.040
4574,-0.050
4575,-0.050
4576,-0.055
4577,-0.060
4578,-0.070
4579,-0.060
4580,-0.055
4581,-0.055
4582,-0.055
4583,-0.050
4584,-0.040
4585,-0.050
4586,-0.055
4587,-0.055
4588,-0.060
4589,-0.070
4590,-0.075
4591,-0.060
4592,-0.050
4593,-0.050
4594,-0.055
4595,-0.060
4596,-0.060
4597,-0.055
4598,-0.055
4599,-0.050
4600,-0.035
4601,-0.015
4602,-0.010
4603,-0.020
4604,-0.050
4605,-0.060
4606,-0.070
4607,-0.060
4608,-0.070
4609,-0.075
4610,-0.075
4611,-0.060
4612,-0.050
4613,-0.050
4614,-0.055
4615,-0.060
4616,-0.060
4617,-0.060
4618,-0.060
4619,-0.060
4620,-0.060
4621,-0.055
4622,-0.040
4623,-0.040
4624,-0.060
4625,-0.090
4626,-0.095
4627,-0.075
4628,-0.055
4629,-0.055
4630,-0.070
4631,-0.070
4632,-0.060
4633,-0.055
4634,-0.060
4635,-0.060
4636,-0.060
4637,-0.060
4638,-0.070
4639,-0.060
4640,-0.055
4641,-0.050
4642,-0.055
4643,-0.055
4644,-0.050
4645,-0.040
4646,-0.050
4647,-0.055
4648,-0.055
4649,-0.055
4650,-0.055
4651,-0.060
4652,-0.060
4653,-0.060
4654,-0.055
4655,-0.050
4656,-0.040
4657,-0.055
4658,-0.060
4659,-0.060
4660,-0.050
4661,-0.040
4662,-0.050
4663,-0.055
4664,-0.055
4665,-0.050
4666,-0.040
4667,-0.040
4668,-0.040
4669,-0.040
4670,-0.040
4671,-0.050
4672,-0.040
4673,-0.040
4674,-0.050
4675,-0.055
4676,-0.040
4677,-0.020
4678,-0.020
4679,-0.030
4680,-0.015
4681,0.010
4682,0.015
4683,0.010
4684,0.000
4685,0.010
4686,0.020
4687,0.035
4688,0.040
4689,0.050
4690,0.055
4691,0.070
4692,0.070
4693,0.070
4694,0.070
4695,0.080
4696,0.090
4697,0.090
4698,0.080
4699,0.095
4700,0.100
4701,0.110
4702,0.110
4703,0.115
4704,0.115
4705,0.110
4706,0.110
4707,0.120
4708,0.150
4709,0.170
4710,0.170
4711,0.150
4712,0.135
4713,0.130
4714,0.130
4715,0.110
4716,0.095
4717,0.080
4718,0.080
4719,0.090
4720,0.080
4721,0.060
4722,0.040
4723,0.035
4724,0.035
4725,0.030
4726,0.015
4727,0.010
4728,-0.010
4729,-0.015
4730,-0.020
4731,-0.020
4732,-0.020
4733,-0.020
4734,-0.030
4735,-0.035
4736,-0.040
4737,-0.040
4738,-0.040
4739,-0.050
4740,-0.060
4741,-0.070
4742,-0.070
4743,-0.060
4744,-0.070
4745,-0.070
4746,-0.070
4747,-0.055
4748,-0.055
4749,-0.060
4750,-0.075
4751,-0.090
4752,-0.090
4753,-0.080
4754,-0.070
4755,-0.070
4756,-0.070
4757,-0.075
4758,-0.075
4759,-0.080
4760,-0.080
4761,-0.090
4762,-0.100
4763,-0.110
4764,-0.095
4765,-0.060
4766,0.000
4767,0.075
4768,0.150
4769,0.215
4770,0.295
4771,0.390
4772,0.500
4773,0.630
4774,0.775
4775,0.920
4776,1.040
4777,1.130
4778,1.155
4779,1.140
4780,1.115
4781,1.095
4782,1.055
4783,0.975
4784,0.850
4785,0.715
4786,0.600
4787,0.515
4788,0.435
4789,0.355
4790,0.280
4791,0.220
4792,0.170
4793,0.130
4794,0.080
4795,0.020
4796,-0.035
4797,-0.060
4798,-0.070
4799,-0.075
4800,-0.080
4801,-0.090
4802,-0.095
4803,-0.090
4804,-0.080
4805,-0.090
4806,-0.110
4807,-0.130
4808,-0.135
4809,-0.140
4810,-0.135
4811,-0.130
4812,-0.120
4813,-0.120
4814,-0.115
4815,-0.115
4816,-0.120
4817,-0.130
4818,-0.130
4819,-0.115
4820,-0.110
4821,-0.110
4822,-0.115
4823,-0.120
4824,-0.120
4825,-0.120
4826,-0.130
4827,-0.130
4828,-0.120
4829,-0.110
4830,-0.110
4831,-0.110
4832,-0.110
4833,-0.095
4834,-0.095
4835,-0.100
4836,-0.110
4837,-0.100
4838,-0.090
4839,-0.080
4840,-0.080
4841,-0.080
4842,-0.075
4843,-0.075
4844,-0.090
4845,-0.110
4846,-0.115
4847,-0.115
4848,-0.110
4849,-0.110
4850,-0.100
4851,-0.095
4852,-0.070
4853,-0.055
4854,-0.080
4855,-0.115
4856,-0.130
4857,-0.095
4858,-0.075
4859,-0.080
4860,-0.100
4861,-0.120
4862,-0.115
4863,-0.100
4864,-0.090
4865,-0.090
4866,-0.090
4867,-0.090
4868,-0.080
4869,-0.090
4870,-0.095
4871,-0.100
4872,-0.100
4873,-0.090
4874,-0.080
4875,-0.080
4876,-0.095
4877,-0.090
4878,-0.080
4879,-0.080
4880,-0.090
4881,-0.090
4882,-0.090
4883,-0.095
4884,-0.110
4885,-0.110
4886,-0.110
4887,-0.100
4888,-0.090
4889,-0.070
4890,-0.060
4891,-0.075
4892,-0.095
4893,-0.110
4894,-0.110
4895,-0.110
4896,-0.110
4897,-0.115
4898,-0.115
4899,-0.110
4900,-0.095
4901,-0.090
4902,-0.080
4903,-0.075
4904,-0.075
4905,-0.075
4906,-0.075
4907,-0.075
4908,-0.075
4909,-0.075
4910,-0.075
4911,-0.070
4912,-0.070
4913,-0.060
4914,-0.060
4915,-0.070
4916,-0.070
4917,-0.055
4918,-0.040
4919,-0.050
4920,-0.060
4921,-0.060
4922,-0.050
4923,-0.050
4924,-0.055
4925,-0.060
4926,-0.060
4927,-0.055
4928,-0.040
4929,-0.030
4930,-0.020
4931,-0.020
4932,-0.030
4933,-0.030
4934,-0.020
4935,-0.010
4936,-0.010
4937,-0.010
4938,-0.010
4939,0.010
4940,0.010
4941,0.010
4942,0.000
4943,0.000
4944,0.010
4945,0.015
4946,0.010
4947,-0.010
4948,-0.020
4949,-0.020
4950,-0.015
4951,-0.010
4952,-0.010
4953,-0.020
4954,-0.030
4955,-0.030
4956,-0.015
4957,-0.015
4958,-0.015
4959,-0.030
4960,-0.035
4961,-0.035
4962,-0.030
4963,-0.020
4964,-0.020
4965,-0.020
4966,-0.020
4967,-0.020
4968,-0.020
4969,-0.015
4970,-0.015
4971,-0.020
4972,-0.030
4973,-0.030
4974,-0.030
4975,-0.030
4976,-0.030
4977,-0.030
4978,-0.035
4979,-0.035
4980,-0.035
4981,-0.035
4982,-0.035
4983,-0.030
4984,-0.020
4985,-0.020
4986,-0.015
4987,-0.030
4988,-0.050
4989,-0.070
4990,-0.070
4991,-0.060
4992,-0.050
4993,-0.030
4994,-0.015
4995,-0.035
4996,-0.055
4997,-0.070
4998,-0.060
4999,-0.060
